;;;;;Себестоимость пр-ва
BMN-0035;243269743;Лубриканты;Лубрикант анальная гель-смазка для фистинга FIST MINT 500 мл;Fist Mint 500;320 ₽
BMN-0013;243269745;Лубриканты;Лубрикант анальная гель-смазка для фистинга SEX FIST 200 мл;Fist Mayo 200;220 ₽
BMN-0028;243269746;Лубриканты;Лубрикант анальная гель-смазка для фистинга SEX FIST 500 мл;Fist Mayo 500;350 ₽
BMN-0002;243269748;Лубриканты;Лубрикант интимная гель-смазка на водной основе 200 мл;Universal Lube 200;160 ₽
BMN-0008;243269751;Лубриканты;Лубрикант анальная гель-смазка на водной основе 200 мл;Anal Lube 200;180 ₽
BMN-0036;243269755;Лубриканты;Лубрикант анальная гель-смазка для фистинга FIST MINT 200 мл;Fist Mint 200;190 ₽
BMN-0004;320006270;Лубриканты;Интимный гель-смазка «SAFE SEX»;Safe 200;155 ₽
BMN-0006;320006271;Лубриканты;Интимный гель-смазка «HOT SEX»;Hot 200;170 ₽
BMN-0055;320006272;Лубриканты;Cool sex, 200 мл.;Cool sex, 200;155 ₽
BMN-0116;320006269;Лубриканты;Спрей лубрикант для минета Deep throat, 50 мл.;Спрей жвачка;150 ₽
BMN-0110;320006274;Лубриканты;Спрей лубрикант для минета Deep throat, 50 мл.;Спрей ваниль;150 ₽
BMN-0115;320006277;Лубриканты;Спрей лубрикант для минета Deep throat, 50 мл.;Спрей клубника;150 ₽
BMN-0113;243276729;Массажные средства эротик;Масло для интимного массажа тела с феромонами эротическое;Масло клубн.слив.;300 ₽
BMN-0070;243280312;Свечи эротик;Массажная аромасвеча с афродизиакми Клубника со сливками;Свеча клубн.слив.;170 ₽
ST-01;438924700;Лубриканты;Гель смазка на водной основе Classic LUBE лакто PH4;ST Красный;114 ₽
ST-02;438952353;Лубриканты;Интимная смазка для секса на водной основе 18+;ST Фиолетовый;292 ₽
ST-03;438958894;Лубриканты;Интимная смазка на водной основе для анального секса 18+;ST Синий;125 ₽
ST-04 ;438937810;Лубриканты;Лубрикант на водной основе Classic LUBE Табак-ваниль;ST Зеленый;116 ₽
ST-05;438944459;Лубриканты;Интимная смазка для секса на водной основе 18+;ST Черный;95 ₽
ST-06;438964592;Лубриканты;Интимная смазка крем-гель на водной основе 18+;ST Оранжевый;106 ₽
ST-07;438969508;Лубриканты;Анальная гель смазка для фистинга Fisting LUBE 500 мл;ST Фист;308 ₽
AL-01;566351548;Гели;Гель для умывания 150 мл;Гель;140 ₽
AL-05;554734405;Сыворотки;Сыворотка для лица увлажняющая 50 мл;Сыворотка;120 ₽
AL-06;566452615;Кремы;Крем для лица увлажняющий 50 мл;Крем увл;125 ₽
AL-07;566457199;Кремы;Крем для лица ночной 50 мл;Крем ночной;145 ₽
AL-04;566446031;Тоники;Тонер для лица увлажняющий 150 мл;Тонер;136 ₽
AL-03;566412004;Средства для снятия макияжа;Мицеллярная вода для снятия макияжа 150 мл;Миц. Вода;111 ₽
AL-02;566395659;Гидрофильные масла;Гидрофильное масло для лица 150 мл;Гидр. масло;245 ₽
